DROP TABLES;

INSERT INTO LocalizacaoImoveis (CEP, Logradouro, Bairro, Cidade, Estado, LatitudeAproximada, LongitudeAproximada) VALUES 
('01414000', 'Alameda Lorena', 'Jardins', 'São Paulo', 'SP', -23.5630, -46.6660),
('04533001', 'Rua Joaquim Floriano', 'Itaim Bibi', 'São Paulo', 'SP', -23.5844, -46.6776),
('05415010', 'Rua Pinheiros', 'Pinheiros', 'São Paulo', 'SP', -23.5612, -46.6923),
('22020001', 'Avenida Atlântica', 'Copacabana', 'Rio de Janeiro', 'RJ', -22.9691, -43.1811),
('22790710', 'Avenida das Américas', 'Barra da Tijuca', 'Rio de Janeiro', 'RJ', -23.0003, -43.3659),
('30140010', 'Rua Pernambuco', 'Savassi', 'Belo Horizonte', 'MG', -19.9386, -43.9372),
('30310000', 'Rua Afonso de Celso', 'Anchieta', 'Belo Horizonte', 'MG', -19.9450, -43.9280),
('80420010', 'Avenida Batel', 'Batel', 'Curitiba', 'PR', -25.4431, -49.2862),
('80035000', 'Rua Prefeito Angelo Lopes', 'Cabral', 'Curitiba', 'PR', -25.4120, -49.2480),
('60175000', 'Rua República do Líbano', 'Meireles', 'Fortaleza', 'CE', -3.7263, -38.4955);

INSERT INTO Condominios (idCondominio, NomeCondominio, Infraestrutura) VALUES 
(1, 'Residencial Splendor', 'Portaria 24h, Piscina olímpica, Academia, Salão de festas, Playground'),
(2, 'Edifício Horizon Tower', 'Portaria virtual, Rooftop com churrasqueira, Lavanderia coletiva, Coworking'),
(3, 'Condomínio Villas del Sol', 'Segurança armada 24h, Quadra de tênis, Campo de futebol, Lago artificial'),
(4, 'Green Park Residence', 'Portaria 24h, Sauna, Cinema, Brinquedoteca, Espaço pet, Quadra poliesportiva'),
(5, 'Neo Urban Pinheiros', 'Portaria 24h, Academia profissional, Piscina aquecida, Espaço gourmet'),
(6, 'Bela Vista Home Club', 'Portaria 24h, Piscina infantil, Quiosques com churrasqueira, Pista de caminhada'),
(7, 'Smart Living Studio', 'Acesso por biometria, Mini mercado interno, Lavanderia, Bicicletário, Rooftop'),
(8, 'Mansões Imperial', 'Monitoramento blindado, Heliporto, Piscina aquecida coberta, Quadra de squash'),
(9, 'Eco Ville Parque', 'Energia solar nas áreas comuns, Coleta seletiva, Pomar, Playground de madeira'),
(10, 'Plaza Mayor Corporate', 'Portaria comercial, Salas de reunião compartilhadas, Auditório, Valet, Café');


INSERT INTO Imoveis (idLocalizacaoImoveis, idCondominio, TipoImovel, AreaUtilM2, AnoConstrucao, QtdQuartos, QtdSuites, QtdBanheiros, QtdVagas, Mobiliado, Varanda, CaracteristicasInternas) VALUES 
(1, 1, 'Apartamento', 70.00, 2015, 2, 1, 2, 1, 1, 1, 'Ar-condicionado, Armários'),
(1, 1, 'Apartamento', 95.00, 2015, 3, 1, 3, 2, 0, 1, 'Varanda gourmet, Closet'),
(2, 1, 'Apartamento', 85.00, 2018, 2, 1, 2, 2, 1, 1, 'Ar-condicionado, Mobiliado'),
(2, 1, 'Cobertura', 180.00, 2018, 3, 2, 4, 3, 0, 1, 'Piscina privativa, Churrasqueira'),
(3, 5, 'Apartamento', 60.00, 2022, 1, 0, 1, 1, 1, 1, 'Cozinha americana, Sacada'),
(3, 5, 'Kitnet', 35.00, 2022, 1, 0, 1, 0, 1, 0, 'Mobiliado, Coque elétrico'),
(4, NULL, 'Apartamento', 110.00, 1975, 3, 1, 3, 1, 0, 0, 'Vista mar, Pé direito alto'),
(4, NULL, 'Apartamento', 140.00, 1980, 3, 2, 4, 1, 1, 1, 'Frente mar, Reformado'),
(5, 3, 'Casa em Condomínio', 320.00, 2015, 4, 3, 5, 4, 0, 1, 'Piscina, Sauna, Quintal'),
(5, 3, 'Casa em Condomínio', 450.00, 2017, 5, 4, 6, 6, 1, 1, 'Automação, Adega, Piscina'),
(6, NULL, 'Casa Residencial', 210.00, 1998, 3, 1, 3, 2, 0, 1, 'Churrasqueira, Canil'),
(6, NULL, 'Comercial', 150.00, 2000, 0, 0, 2, 3, 0, 0, 'Vão livre, Divisórias drywall'),
(7, 2, 'Apartamento', 45.00, 2020, 1, 1, 1, 1, 1, 1, 'Fechadura digital, Cooktop'),
(7, 2, 'Apartamento', 55.00, 2020, 2, 1, 2, 1, 0, 1, 'Armários na cozinha e banho'),
(8, 4, 'Apartamento', 130.00, 2012, 3, 2, 3, 2, 0, 1, 'Lareira, Sacada com carvão'),
(8, 4, 'Apartamento', 165.00, 2014, 4, 3, 5, 3, 1, 1, 'Piso aquecido, Depósito'),
(9, NULL, 'Casa Residencial', 180.00, 1995, 3, 1, 2, 2, 0, 0, 'Quintal, Edícula nos fundos'),
(9, NULL, 'Apartamento', 75.00, 2010, 2, 1, 2, 1, 1, 1, 'Churrasqueira na sacada'),
(10, 1, 'Apartamento', 120.00, 2016, 3, 2, 4, 2, 0, 1, 'Nascente total, Andar alto'),
(10, 1, 'Cobertura', 240.00, 2016, 4, 3, 5, 4, 1, 1, 'Deck privativo, Ofurô, Vista');

INSERT INTO Anunciantes (NomeAnunciante, TipoAnunciante, CRECI) VALUES 
('Lopes Consultoria Imobiliária', 'Imobiliária', 'J-12345'),
('QuintoAndar Serviços Imobiliários', 'Imobiliária', 'J-99887'),
('Carlos Eduardo Rodrigues', 'Corretor Autônomo', 'F-54321'),
('Mariana Souza Negócios', 'Corretor Autônomo', 'F-88776'),
('Roberto Alves Oliveira', 'Proprietário Direto', NULL),
('Ana Beatriz Pinheiro', 'Proprietário Direto', NULL),
('Remax Gold Vendas', 'Imobiliária', 'J-45612'),
('Souto Correa Imóveis', 'Imobiliária', 'J-78945'),
('Fernanda Lima Corretora', 'Corretor Autônomo', 'F-11223'),
('Marcos Silva Santos', 'Proprietário Direto', NULL);


INSERT INTO Anuncios (idImovel, idAnunciante, CodigoReferenciaPortal, URL, TituloAnuncio, DescricaoTexto, DataPublicacao, DataDesativacao, StatusAnuncio) VALUES 
(21, 1, 'ZAP-201', 'https://portal.com/01', 'Apartamento Confortável', 'Excelente iluminação natural, reformado.', '2026-01-10', '2026-03-15', 'Vendido'),
(22, 2, 'QA-202', 'https://portal.com/02', 'Studio Moderno Mobiliado', 'Próximo a universidades e linhas de metrô.', '2026-01-12', NULL, 'Ativo'),
(23, 3, 'VR-203', 'https://portal.com/03', 'Casa de Vila charmosa', 'Ambiente silencioso, ideal para pets.', '2026-01-15', '2026-03-20', 'Vendido'),
(24, 4, 'ZAP-204', 'https://portal.com/04', 'Cobertura Duplex Vista Livre', 'Terraço privativo com churrasqueira gourmet.', '2026-02-01', NULL, 'Ativo'),
(25, 5, 'QA-205', 'https://portal.com/05', 'Apartamento Compacto Novo', 'Prédio recém-entregue com lazer completo.', '2026-02-05', '2026-04-10', 'Vendido'),
(26, 6, 'VR-206', 'https://portal.com/06', 'Loft Industrial Pé Direito Duplo', 'Design moderno, cozinha integrada equipada.', '2026-02-10', NULL, 'Ativo'),
(27, 7, 'ZAP-207', 'https://portal.com/07', 'Casa de Condomínio Alto Padrão', 'Segurança 24 horas, piscina e quintal amplo.', '2026-01-15', NULL, 'Ativo'),
(28, 8, 'QA-208', 'https://portal.com/08', 'Apartamento Familiar Andar Alto', 'Três suítes amplas, armários planejados.', '2026-01-20', NULL, 'Ativo'),
(29, 9, 'VR-209', 'https://portal.com/09', 'Cobertura Linear Reformada', 'Vista panorâmica definitiva da região.', '2025-11-20', '2026-02-10', 'Vendido'),
(30, 10, 'ZAP-210', 'https://portal.com/10', 'Conjunto Comercial Pronto Vão Livre', 'Infraestrutura completa de redes e TI.', '2025-12-01', NULL, 'Ativo'),
(31, 11, 'OLX-211', 'https://portal.com/11', 'Casa Térrea de Rua Tranquila', 'Excelente vizinhança, espaço para horta.', '2026-01-05', '2026-05-01', 'Excluído'),
(32, 12, 'VR-212', 'https://portal.com/12', 'Prédio Inteiro Corporativo', 'Localização estratégica de alta visibilidade.', '2026-01-10', NULL, 'Ativo'),
(33, 13, 'QA-213', 'https://portal.com/13', 'Studio Próximo ao Centro', 'Praticidade para rotinas dinâmicas.', '2026-03-01', NULL, 'Ativo'),
(34, 14, 'VR-214', 'https://portal.com/14', 'Apartamento Amplo Planta Antiga', 'Cômodos grandes, dependência completa.', '2026-03-05', '2026-05-10', 'Vendido'),
(35, 15, 'ZAP-215', 'https://portal.com/15', 'Apartamento Face Norte Sol da Manhã', 'Super arejado, vaga de garagem coberta livre.', '2026-02-15', NULL, 'Ativo'),
(36, 16, 'QA-216', 'https://portal.com/16', 'Apartamento Finamente Decorado', 'Móveis sob medida de alto padrão inclusos.', '2026-02-20', NULL, 'Ativo'),
(37, 17, 'OLX-217', 'https://portal.com/17', 'Casa com Edícula e Canil', 'Quintal todo calçado, portão eletrônico.', '2026-01-10', NULL, 'Ativo'),
(38, 18, 'VR-218', 'https://portal.com/18', 'Apartamento Sacada com Churrasqueira', 'Churrasqueira a carvão, condomínio barato.', '2026-01-15', '2026-04-05', 'Vendido'),
(39, 19, 'VR-219', 'https://portal.com/19', 'Cobertura Duplex de Alto Padrão', 'Ofurô privativo instalado no deck externo.', '2026-01-20', NULL, 'Ativo'),
(40, 20, 'ZAP-220', 'https://portal.com/20', 'Apartamento Vista Mar Permanente', 'Varanda integrada fechada em vidro retrátil.', '2026-01-25', '2026-04-30', 'Vendido'),
(41, 1, 'VR-221', 'https://portal.com/21', 'Oportunidade de Investimento Rápido', 'Preço abaixo do valor de avaliação fiscal.', '2026-03-01', NULL, 'Ativo'),
(42, 2, 'ZAP-222', 'https://portal.com/22', 'Apartamento Garden com Quintal', 'Espaço garden privativo gramado espaçoso.', '2026-03-03', NULL, 'Ativo'),
(43, 3, 'QA-223', 'https://portal.com/23', 'Apartamento Andar Baixo Silencioso', 'Fundos para área verde de preservação.', '2026-03-04', '2026-05-12', 'Vendido'),
(44, 4, 'VR-224', 'https://portal.com/24', 'Casa Comercial Reformada Clientes', 'Ideal para clínicas, escritórios ou escolas.', '2026-03-05', NULL, 'Ativo'),
(45, 5, 'ZAP-225', 'https://portal.com/25', 'Studio Pronto Rentabilidade Airbnb', 'Fechadura eletrônica e enxoval básico.', '2026-03-06', NULL, 'Ativo'),
(46, 6, 'QA-226', 'https://portal.com/26', 'Apartamento Semi-Mobiliado', 'Ficam os armários fixos de cozinha e banho.', '2026-03-08', '2026-04-18', 'Vendido'),
(47, 7, 'VR-227', 'https://portal.com/27', 'Cobertura Linear Planta Customizável', 'Possibilidade de ampliação da sala principal.', '2026-03-10', NULL, 'Ativo'),
(48, 8, 'ZAP-228', 'https://portal.com/28', 'Apartamento Familiar com Lazer Club', 'Brinquedoteca, quadra de tênis e cinema.', '2026-03-12', NULL, 'Ativo'),
(49, 9, 'QA-229', 'https://portal.com/29', 'Apartamento Compacto Sem Vaga', 'Ideal para quem busca mobilidade e metrô.', '2026-03-14', '2026-05-02', 'Vendido'),
(50, 10, 'VR-230', 'https://portal.com/30', 'Sobrado em Condomínio Fechado', 'Duas suítes no piso superior, sala ampla.', '2026-03-15', NULL, 'Ativo'),
(51, 11, 'ZAP-231', 'https://portal.com/31', 'Apartamento Nascente Super Ventilado', 'Andar alto, condomínio com taxa reduzida.', '2026-03-18', NULL, 'Ativo'),
(52, 12, 'QA-232', 'https://portal.com/32', 'Cobertura Duplex Pronta para Morar', 'Ar condicionado instalado em todos os quartos.', '2026-03-20', NULL, 'Ativo'),
(53, 13, 'VR-233', 'https://portal.com/33', 'Apartamento Vista Parque Definitiva', 'Próximo à ciclovias e áreas de lazer lazer.', '2026-03-22', '2026-05-15', 'Vendido'),
(54, 14, 'ZAP-234', 'https://portal.com/34', 'Casa Antiga Ideal p/ Construtora', 'Terreno plano de zoneamento residencial ZU.', '2026-03-25', NULL, 'Ativo'),
(55, 15, 'QA-235', 'https://portal.com/35', 'Studio Minimalista Todo Equipado', 'Microondas, frigobar e cooktop já inclusos.', '2026-03-28', NULL, 'Ativo'),
(56, 16, 'VR-236', 'https://portal.com/36', 'Apartamento Amplo com Copa Cozinha', 'Planta excelente, área de serviço separada.', '2026-04-01', '2026-05-18', 'Vendido'),
(57, 17, 'ZAP-237', 'https://portal.com/37', 'Apartamento Planta Invertida Original', 'Conceito diferenciado, iluminação especial.', '2026-04-03', NULL, 'Ativo'),
(58, 18, 'QA-238', 'https://portal.com/38', 'Studio Inteligente Automação Alexa', 'Luzes e cortinas comandadas por voz.', '2026-04-05', NULL, 'Ativo'),
(59, 19, 'VR-239', 'https://portal.com/39', 'Apartamento Familiar Ampla Sacada', 'Sacada gourmet fechada com cortina de vidro.', '2026-04-08', NULL, 'Ativo'),
(60, 20, 'ZAP-240', 'https://portal.com/40', 'Cobertura Linear Espaço Festas', 'Amplo terraço privativo descoberto ensolarado.', '2026-04-10', NULL, 'Ativo'),
(21, 15, 'QA-241', 'https://portal.com/41', 'Apartamento Conforto Absoluto', 'Isolamento acústico nas janelas dos quartos.', '2026-04-12', NULL, 'Ativo'),
(22, 16, 'VR-242', 'https://portal.com/42', 'Apartamento Recém Reformado Hidráulica', 'Fiação nova, pisos e azulejos trocados.', '2026-04-15', NULL, 'Ativo'),
(23, 17, 'ZAP-243', 'https://portal.com/43', 'Studio Próximo a Hospitais Hub', 'Ideal para profissionais da área da saúde.', '2026-04-18', NULL, 'Ativo'),
(24, 18, 'QA-244', 'https://portal.com/44', 'Apartamento Andar Alto Sol da Tarde', 'Vista definitiva livre, armários novos.', '2026-04-20', NULL, 'Ativo'),
(25, 19, 'VR-245', 'https://portal.com/45', 'Apartamento Compacto Confortável', 'Condomínio barato com portaria eletrônica.', '2026-04-22', NULL, 'Ativo'),
(26, 20, 'ZAP-246', 'https://portal.com/46', 'Cobertura Duplex Duas Vagas Livres', 'Depósito privativo na garagem do subsolo.', '2026-04-25', NULL, 'Ativo'),
(27, 11, 'QA-247', 'https://portal.com/47', 'Apartamento Planta Quadrada Excelente', 'Aproveitamento total dos espaços internos.', '2026-04-28', NULL, 'Ativo'),
(28, 12, 'VR-248', 'https://portal.com/48', 'Casa de Condomínio Geminada', 'Quintal privativo com churrasqueira gourmet.', '2026-05-01', NULL, 'Ativo'),
(29, 13, 'ZAP-249', 'https://portal.com/49', 'Apartamento Clássico Super Conservado', 'Piso em taco de madeira legítimo sintecado.', '2026-05-04', NULL, 'Ativo'),
(30, 14, 'QA-250', 'https://portal.com/50', 'Studio Novo Conceito Aberto Integrado', 'Perfeito para solteiros ativos e modernos.', '2026-05-07', NULL, 'Ativo');


INSERT INTO HistoricoPrecos (idAnuncio, ValorVenda, ValorAluguel, ValorCondominio, ValorIPTU, DataRegistro) VALUES 
(171, 450000.00, NULL, 450.00, 120.00, '2026-01-10'),
(171, 435000.00, NULL, 450.00, 120.00, '2026-02-15'),
(172, NULL, 2800.00, 600.00, 150.00, '2026-01-12'),
(172, NULL, 2650.00, 600.00, 150.00, '2026-03-01'),
(173, 890000.00, NULL, 850.00, 240.00, '2026-01-15'),
(173, 850000.00, NULL, 880.00, 240.00, '2026-02-28'),
(174, 1350000.00, NULL, 1200.00, 410.00, '2026-02-01'),
(175, 620000.00, NULL, 550.00, 180.00, '2026-02-05'),
(175, 595000.00, NULL, 550.00, 180.00, '2026-03-20'),
(176, NULL, 4500.00, 920.00, 310.00, '2026-02-10'),
(177, 2450000.00, NULL, 1900.00, 750.00, '2026-01-15'),
(177, 2390000.00, NULL, 1900.00, 750.00, '2026-03-05'),
(178, 920000.00, NULL, 780.00, 220.00, '2026-01-20'),
(179, 3100000.00, NULL, 2400.00, 950.00, '2025-11-20'),
(179, 2950000.00, NULL, 2400.00, 950.00, '2026-01-10'),
(180, NULL, 9500.00, 1500.00, 600.00, '2025-12-01'),
(181, 780000.00, NULL, NULL, 180.00, '2026-01-05'),
(181, 750000.00, NULL, NULL, 180.00, '2026-04-12'),
(182, NULL, 5000.00, 2100.00, 890.00, '2026-01-10'),
(183, NULL, 3100.00, 510.00, 110.00, '2026-03-01'),
(184, 580000.00, NULL, 490.00, 140.00, '2026-03-05'),
(184, 560000.00, NULL, 490.00, 140.00, '2026-04-15'),
(185, 1850000.00, NULL, 1400.00, 480.00, '2026-02-15'),
(186, 2700000.00, NULL, 1850.00, 620.00, '2026-02-20'),
(187, 1200000.00, NULL, NULL, 310.00, '2026-01-10'),
(188, 710000.00, NULL, 580.00, 160.00, '2026-01-15'),
(188, 685000.00, NULL, 580.00, 160.00, '2026-03-10'),
(190, 1950000.00, NULL, 1350.00, 460.00, '2026-01-20'),
(190, 3200000.00, NULL, 2200.00, 880.00, '2026-01-25'),
(190, 2990000.00, NULL, 2200.00, 880.00, '2026-03-05'),
(191, 890000.00, NULL, 750.00, 220.00, '2026-03-01'),
(192, 1450000.00, NULL, 1050.00, 390.00, '2026-03-05'),
(193, NULL, 2900.00, 520.00, 100.00, '2026-03-10'),
(194, 1550000.00, NULL, 1150.00, 420.00, '2026-02-01'),
(195, 4900000.00, NULL, 2100.00, 1100.00, '2026-02-10'),
(196, NULL, 2600.00, 440.00, 95.00, '2026-03-15'),
(197, 1750000.00, NULL, 1300.00, 410.00, '2026-03-20'),
(198, 1900000.00, NULL, 1450.00, 460.00, '2026-03-25'),
(199, 1520000.00, NULL, 1120.00, 400.00, '2026-04-01'),
(200, 3800000.00, NULL, 2400.00, 920.00, '2026-04-05'),
(201, 510000.00, NULL, 480.00, 130.00, '2026-04-12'),
(202, 790000.00, NULL, 620.00, 180.00, '2026-04-15'),
(203, NULL, 1950.00, 380.00, 85.00, '2026-04-18'),
(204, 1280000.00, NULL, 950.00, 340.00, '2026-04-20'),
(205, 660000.00, NULL, 580.00, 190.00, '2026-04-22'),
(206, 2150000.00, NULL, 1600.00, 540.00, '2026-04-25'),
(207, 1120000.00, NULL, 890.00, 280.00, '2026-04-28'),
(208, 1450000.00, NULL, 1100.00, 390.00, '2026-05-01'),
(209, 1680000.00, NULL, 1250.00, 430.00, '2026-05-04'),
(210, NULL, 3400.00, 590.00, 140.00, '2026-05-07'),
(211, 440000.00, NULL, 450.00, 120.00, '2026-01-15'),
(211, 420000.00, NULL, 450.00, 120.00, '2026-03-01'),
(212, NULL, 2750.00, 600.00, 150.00, '2026-01-20'),
(212, NULL, 2500.00, 600.00, 150.00, '2026-03-15'),
(213, 875000.00, NULL, 850.00, 240.00, '2026-01-25'),
(213, 840000.00, NULL, 850.00, 240.00, '2026-04-01'),
(214, 1320000.00, NULL, 1200.00, 410.00, '2026-02-05'),
(215, 610000.00, NULL, 550.00, 180.00, '2026-02-10'),
(215, 580000.00, NULL, 550.00, 180.00, '2026-04-01'),
(216, NULL, 4400.00, 920.00, 310.00, '2026-02-20'),
(217, 2400000.00, NULL, 1900.00, 750.00, '2026-01-25'),
(217, 2300000.00, NULL, 1900.00, 750.00, '2026-04-05'),
(218, 910000.00, NULL, 780.00, 220.00, '2026-02-01'),
(219, 3050000.00, NULL, 2400.00, 950.00, '2025-11-25'),
(219, 2900000.00, NULL, 2400.00, 950.00, '2026-02-01'),
(220, NULL, 9200.00, 1500.00, 600.00, '2025-12-10'),
(171, 420000.00, NULL, 460.00, 120.00, '2026-04-01'),
(173, 830000.00, NULL, 880.00, 240.00, '2026-04-15'),
(174, 1290000.00, NULL, 1250.00, 410.00, '2026-04-20'),
(175, 570000.00, NULL, 560.00, 180.00, '2026-05-01'),
(177, 2250000.00, NULL, 1950.00, 750.00, '2026-05-10'),
(178, 895000.00, NULL, 780.00, 220.00, '2026-03-15'),
(179, 2850000.00, NULL, 2450.00, 950.00, '2026-03-20'),
(181, 730000.00, NULL, NULL, 180.00, '2026-05-15'),
(184, 545000.00, NULL, 510.00, 140.00, '2026-05-01'),
(185, 1790000.00, NULL, 1400.00, 480.00, '2026-04-10'),
(186, 2600000.00, NULL, 1900.00, 620.00, '2026-05-05'),
(188, 660000.00, NULL, 590.00, 160.00, '2026-04-25'),
(190, 2850000.00, NULL, 2250.00, 880.00, '2026-04-18'),
(191, 865000.00, NULL, 750.00, 220.00, '2026-04-22'),
(192, 1390000.00, NULL, 1080.00, 390.00, '2026-05-02'),
(194, 1490000.00, NULL, 1180.00, 420.00, '2026-04-15'),
(195, 4750000.00, NULL, 2150.00, 1100.00, '2026-04-20'),
(197, 1690000.00, NULL, 1320.00, 410.00, '2026-05-10'),
(198, 1820000.00, NULL, 1450.00, 460.00, '2026-05-12'),
(199, 1470000.00, NULL, 1150.00, 400.00, '2026-05-05'),
(200, 3600000.00, NULL, 2450.00, 920.00, '2026-05-14'),
(204, 1230000.00, NULL, 980.00, 340.00, '2026-05-12'),
(205, 635000.00, NULL, 590.00, 190.00, '2026-05-15'),
(206, 2050000.00, NULL, 1650.00, 540.00, '2026-05-16'),
(211, 405000.00, NULL, 450.00, 120.00, '2026-04-18'),
(213, 815000.00, NULL, 850.00, 240.00, '2026-05-01'),
(214, 1270000.00, NULL, 1220.00, 410.00, '2026-04-10'),
(215, 565000.00, NULL, 560.00, 180.00, '2026-05-15'),
(217, 2190000.00, NULL, 1950.00, 750.00, '2026-05-11'),
(218, 880000.00, NULL, 780.00, 220.00, '2026-04-14'),
(219, 2780000.00, NULL, 2450.00, 950.00, '2026-04-20'),
(172, NULL, 2500.00, 620.00, 150.00, '2026-05-02'),
(176, NULL, 4200.00, 920.00, 310.00, '2026-04-18'),
(180, NULL, 8900.00, 1550.00, 600.00, '2026-03-25');
